Brand,Item Name,Item Code,Package Size,MCC,Category
LAXMI,EXTRA LONG BASMATI RICE,4BL0,40 LB,N/A,BASMATI RICE
LAXMI,EXTRA LONG BASMATI RICE,4BL1,4X10 LB,10723246283484,BASMATI RICE
LAXMI,AGED BASMATI RICE,4BA4,4X10 LB,10723246285709,BASMATI RICE
LAXMI,LOW GI BASMATI RICE,4BD4,4X10 LB,1072324284528,BASMATI RICE
LAXMI,BROWN BASMATI RICE,4BB4J,4X10 LB,1072324300105,BASMATI RICE
LAXMI,GOLDEN SELLA BASMATI RICE,4BSPG3,2X20 LB,10723246288632,BASMATI RICE
LAXMI,SELLA XL BASMATI RICE,4BSP4,4X10 LB,10723246285716,BASMATI RICE
LAXMI,SELLA XL BASMATI RICE,4BSP5,2X20 LB,10723246285723,BASMATI RICE
LAXMI,AGED BASMATI RICE,4BA7,10X2 LB,10723246285785,BASMATI RICE
LAXMI,AGED BASMATI RICE,4BA5,10X4 LB,10723246285778,BASMATI RICE
LAXMI,BROWN BASMATI RICE,4BB6,10X2 LB,10723246116263,BASMATI RICE
LAXMI,BROWN BASMATI RICE,4BB5,10X4 LB,10723246115242,BASMATI RICE
LAXMI,LOW GI BASMATI RICE,4BD6,10X4 LB,10723246284702,BASMATI RICE
LAXMI,TAMARIND CHUTNEY,8T5,12X8 OZ,10723246000029,CHUTNEYS & PASTES
LAXMI,TAMARIND DATE CHUTNEY,8TD5,12X8 OZ,10723246285073,CHUTNEYS & PASTES
LAXMI,TAMARIND DATE CHUTNEY,8TD6,12X16 OZ,10723246285080,CHUTNEYS & PASTES
LAXMI,TAMARIND DATE CHUTNEY,8TD4,12X32 OZ,10723246289155,CHUTNEYS & PASTES
LAXMI,TAMARIND CONCENTRATE,1TAL1,12X14 OZ,10723246006168,CHUTNEYS & PASTES
LAXMI,TAMARIND CONCENTRATE,1TAL01,12X32 OZ,20723246287687,CHUTNEYS & PASTES
LAXMI,CORIANDER CHUTNEY,8CR8,12X24 OZ,10723246009435,CHUTNEYS & PASTES
LAXMI,MINT CHUTNEY,8F4,12X24 OZ,20723246287861,CHUTNEYS & PASTES
LAXMI,CORIANDER CHUTNEY,8CR9,12X8 OZ,10723246009244,CHUTNEYS & PASTES
LAXMI,MINT CHUTNEY,8F5,12X8 OZ,10723246009251,CHUTNEYS & PASTES
LAXMI,TANDOORI PASTE,LPST01,12X24 OZ,20723246020123,CHUTNEYS & PASTES
LAXMI,TANDOORI PASTE,LPST1,12X8 OZ,10723246009206,CHUTNEYS & PASTES
LAXMI,PANIPURI CONCENTRATE,8R51,12X8 OZ,20723246287426,CHUTNEYS & PASTES
LAXMI,SWEET BEHL CHUTNEY,8SB5,12X8 OZ,10723246000012,CHUTNEYS & PASTES
LAXMI,BASMATI MAMRA,LCMB5,20X400 GM,10723246121397,CEREALS
LAXMI,BASMATI MAMRA,LCMB3,4X5 LB,10723246121403,CEREALS
LAXMI,MYSORE MAMRA,LCMMY1,10X400 GM,10723246284900,CEREALS
LAXMI,KOHLAPURI MAMRA,LCMK5,20X400 GM,10723246236039,CEREALS
LAXMI,PHOOL MAKHANA,LMFM6,10X200 GM,10723246211388,CEREALS
LAXMI,PHOOL MAKHANA,LMFM5,10X400 GM,10723246288670,CEREALS
LAXMI,THICK POHA,LCP3,10X4 LB,10723246121510,CEREALS
LAXMI,THICK POHA,LCP4,10X2 LB,10723246121264,CEREALS
LAXMI,THICK POHA,LCP5,20X400 GM,10723246121236,CEREALS
LAXMI,THIN POHA,LCP8,10X800 GM,10723246121427,CEREALS
LAXMI,THIN POHA,LCP9,10X4 LB,10723246236087,CEREALS
LAXMI,THIN POHA,LCP7,20X400 GM,20723246121363,CEREALS
LAXMI,SABUDANA,LCSS4,18X2 LB,10723246121318,CEREALS
LAXMI,SABUDANA,LCSS3,10X4 LB,10723246121558,CEREALS
LAXMI,KACHI GHANI MUSTARD OIL,LOM41,12X500 ML,10723246265978,COOKING OIL
LAXMI,KACHI GHANI MUSTARD OIL,LOM3,12X1 LTR,10723246101245,COOKING OIL
LAXMI,KACHI GHANI MUSTARD OIL,LOM61,6X2 LTR,20723246285676,COOKING OIL
LAXMI,KACHI GHANI MUSTARD OIL,LOM2,4X5 LTR,10723246288663,COOKING OIL
LAXMI,COLD PRESSED PEANUT OIL,LOPC3,6X2 LTR,10723246288878,COOKING OIL
LAXMI,COLD PRESSED PEANUT OIL,LOPC2,4X5 LTR,10723246287994,COOKING OIL
LAXMI,COLD PRESSED SESAME OIL,LOSC3,6X2 LTR,10723246288885,COOKING OIL
LAXMI,SESAME OIL,LOG3,4X5 LTR,10723246181626,COOKING OIL
LAXMI,SESAME OIL,LOG5,6X2 LTR,10723246270064,COOKING OIL
LAXMI,PEANUT OIL,LOP5,6X2 LB,10723246292011,COOKING OIL
LAXMI,POOJA DEEPAM OIL,LOL1,12X1 LB,20723246292483,COOKING OIL
LAXMI,SESAME OIL,LOS21,12X500 ML,10723246266036,COOKING OIL
LAXMI,CANOLA OIL,LOC4,6X96 OZ,10723246102136,COOKING OIL
LAXMI,CANOLA OIL,LOC35,32.5 LB,10723246181506,COOKING OIL
LAXMI,CORN OIL,LOC87,6X96 OZ,10723246101177,COOKING OIL
LAXMI,CORN OIL,LOC71,32.5 LB,N/A,COOKING OIL
LAXMI,CASTOR OIL,LOCA61,12X17 OZ,1072324625985,COOKING OIL
LAXMI,VEGETABLE OIL,LOV1,6X96 OZ,10723246270033,COOKING OIL
LAXMI,VEGETABLE OIL,LOV1,32.5 LB,N/A,COOKING OIL
LAXMI,GINGER GARLIC PASTE,LPSG5,12X8 OZ,10723246009152,COOKING PASTES
LAXMI,GINGER GARLIC PASTE,LPSG4,12X24 OZ,10723246090877,COOKING PASTES
LAXMI,GINGER PASTE,LPSG8,12X8 OZ,10723246009060,COOKING PASTES
LAXMI,GINGER PASTE,LPSG7,12X24 OZ,10723246009053,COOKING PASTES
LAXMI,GARLIC PASTE,LPSG1,12X8 OZ,10723246009048,COOKING PASTES
LAXMI,GARLIC PASTE,LPSG0,12X24 OZ,10723246009046,COOKING PASTES
LAXMI,TOOR DAL VSD MADHI,6TP7,20X2 LB,20723246183088,DALS & BEANS
LAXMI,TOOR DAL VSD MADHI,6TP6,10X4 LB,10723246183630,DALS & BEANS
LAXMI,TOOR DAL VSD MADHI,6TP5,5X8 LB,10723246183647,DALS & BEANS
LAXMI,TOOR DAL VSD MADHI,6TP1,55 LB,N/A,DALS & BEANS
LAXMI,MOONG DAL,6M7,20X2 LB,20723246183057,DALS & BEANS
LAXMI,MOONG DAL,6M6,10X4 LB,10723246183067,DALS & BEANS
LAXMI,MOONG DAL,6M5,5X8 LB,10723246183531,DALS & BEANS
LAXMI,MOONG DAL,6M2,55 LB,N/A,DALS & BEANS
LAXMI,MOONG WHOLE SMALL,7M7,20X2 LB,20723246181053,DALS & BEANS
LAXMI,MOONG WHOLE SMALL,7M6,10X4 LB,20723246181063,DALS & BEANS
LAXMI,MOONG WHOLE SMALL,7M5,5X8 LB,10723246183661,DALS & BEANS
LAXMI,MOONG WHOLE,7MB7,20X2 LB,10723246181626,DALS & BEANS
LAXMI,MOONG WHOLE,7MB6,10X4 LB,10723246181636,DALS & BEANS
LAXMI,MOONG WHOLE,7MB5,5X8 LB,10723246181643,DALS & BEANS
LAXMI,MOONG DAL SPLIT,6MS7,20X2 LB,20723246182029,DALS & BEANS
LAXMI,MOONG DAL SPLIT,6MS6,10X4 LB,10723246182039,DALS & BEANS
LAXMI,URAD GOTA,7UG7,20X2 LB,20723246181350,DALS & BEANS
LAXMI,URAD GOTA,7UG6,10X4 LB,10723246181360,DALS & BEANS
LAXMI,URAD GOTA,7UG5,5X8 LB,10723246183678,DALS & BEANS
LAXMI,URAD GOTA,7UG2,55 LB,N/A,DALS & BEANS
LAXMI,URAD DAL,6U6,10X4 LB,10723246183326,DALS & BEANS
LAXMI,URAD DAL,6U5,5X8 LB,10723246183555,DALS & BEANS
LAXMI,URAD DAL,6U1,55 LB,N/A,DALS & BEANS
LAXMI,WHOLE URAD,7U7,20X2 LB,20723246181084,DALS & BEANS
LAXMI,WHOLE URAD,7U6,10X4 LB,10723246181094,DALS & BEANS
LAXMI,WHOLE URAD,7U5,5X8 LB,10723246183654,DALS & BEANS
LAXMI,URAD DAL SPLIT,6US6,10X4 LB,10723246182060,DALS & BEANS
LAXMI,KABULI CHANA,7K7,20X2 LB,20723246232021,DALS & BEANS
LAXMI,KABULI CHANA,7K6,10X4 LB,10723246232031,DALS & BEANS
LAXMI,KABULI CHANA,7K5,5X8 LB,10723246232017,DALS & BEANS
LAXMI,RAJMA CHITRA,7RC6,10X4 LB,10723246293582,DALS & BEANS
LAXMI,RAJMA JAMMU,7RJ6,10X4 LB,10723246293599,DALS & BEANS
LAXMI,KALA CHANA,7KL7,20X2 LB,20723246181022,DALS & BEANS
LAXMI,KALA CHANA,7KL6,10X4 LB,10723246181032,DALS & BEANS
LAXMI,KALA CHANA,7KL5,5X8 LB,10723246183685,DALS & BEANS
LAXMI,KALA CHANA,7KL2,55 LB,N/A,DALS & BEANS
LAXMI,MASOOR DAL,7KL7,20X2 LB,20723246183231,DALS & BEANS
LAXMI,MASOOR DAL,7KL6,10X4 LB,10723246183241,DALS & BEANS
LAXMI,MASOOR DAL,7KL5,5X8 LB,10723246183517,DALS & BEANS
LAXMI,MASOOR FOOTBALL GOTA,7MF7,20X2 LB,20723246181534,DALS & BEANS
LAXMI,MASOOR FOOTBALL GOTA,7MF6,10X4 LB,10723246181483,DALS & BEANS
LAXMI,WHOLE MASOOR,7ML7,20X2 LB,20723246232816,DALS & BEANS
LAXMI,WHOLE MASOOR,7ML6,10X4 LB,10723246181209,DALS & BEANS
LAXMI,BROWN CHORI,7D7,20X2 LB,20723246181381,DALS & BEANS
LAXMI,LIGHT RED KIDNEY BEANS,7RL7,20X2 LB,10723246184054,DALS & BEANS
LAXMI,LIGHT RED KIDNEY BEANS,7RL6,10X4 LB,10723246184064,DALS & BEANS
LAXMI,LIGHT RED KIDNEY BEANS,7RL5,5X8 LB,10723246265794,DALS & BEANS
LAXMI,DARK RED KIDNEY BEANS,7RD7,20X2 LB,20723246236050,DALS & BEANS
LAXMI,DARK RED KIDNEY BEANS,7RD6,10X4 LB,10723246236046,DALS & BEANS
LAXMI,BLACK EYED PEAS,7B7,20X2 LB,20723246184023,DALS & BEANS
LAXMI,BLACK EYED PEAS,7B6,10X4 LB,10723246184033,DALS & BEANS
LAXMI,YELLOW VATANA,7W7,20X2 LB,10723246181247,DALS & BEANS
LAXMI,YELLOW VATANA,7W6,10X4 LB,20723246181237,DALS & BEANS
LAXMI,YELLOW SPLIT PEAS,6Y7,20X2 LB,20723246182081,DALS & BEANS
LAXMI,YELLOW SPLIT PEAS,6Y6,10X4 LB,10723246182091,DALS & BEANS
LAXMI,GREEN VATANA,7GV7,20X2 LB,20723246181268,DALS & BEANS
LAXMI,GREEN VATANA,7GV6,10X4 LB,10723246181278,DALS & BEANS
LAXMI,ALMOND,9ALA6,20X400 GM,20723246170019,DRY FRUITS & NUTS
LAXMI,ALMOND,9ALA4,10X800 GM,30723246170023,DRY FRUITS & NUTS
LAXMI,ALMOND,9AL18,11X3 LB,20723246265241,DRY FRUITS & NUTS
LAXMI,CASHEW PIECES,9CB4,20X400 GM,20723246170224,DRY FRUITS & NUTS
LAXMI,CASHEW PIECES,9CB3,10X800 GM,10723246282821,DRY FRUITS & NUTS
LAXMI,CASHEW PIECES,9CB30,8X3 LB,10723246289226,DRY FRUITS & NUTS
LAXMI,CASHEW WHOLE,9CN9,20X400 GM,10723246170139,DRY FRUITS & NUTS
LAXMI,WHOLE CASHEW,9CN8,12X800 GM,20723246170173,DRY FRUITS & NUTS
LAXMI,COCONUT SLICES,9COSL7,20X200 GM,20723246268204,DRY FRUITS & NUTS
LAXMI,COCONUT POWDER,9COP6,20X400 GM,20723246200754,DRY FRUITS & NUTS
LAXMI,COCONUT POWDER,9COP5,10X800 GM,10723246200849,DRY FRUITS & NUTS
LAXMI,COCONUT FLAKES,9COF6,20X400 GM,20723246200778,DRY FRUITS & NUTS
LAXMI,PEANUTS,9P5,20X400 GM,30723246170375,DRY FRUITS & NUTS
LAXMI,PEANUTS,9P4,20X800 GM,20723246170385,DRY FRUITS & NUTS
LAXMI,PEANUTS,9P31,10x3.5 LB,10723246283507,DRY FRUITS & NUTS
LAXMI,GOLDEN RAISINS,9RG4,20X400 GM,20723246172228,DRY FRUITS & NUTS
LAXMI,GOLDEN RAISINS,9RG31,10X800 GM,20723246265213,DRY FRUITS & NUTS
LAXMI,GOLDEN RAISINS,9RG1,30 LB,N/A,DRY FRUITS & NUTS
LAXMI,DRY DATES,9DD5,20X200 GM,20723246170453,DRY FRUITS & NUTS
LAXMI COCONUT SLICES,9COSL7,20X200 GM,20723246268204,DRY FRUITS & NUTS
LAXMI,SHARBATI CHAPPATI FLOUR,5CHS7,10X4 LB,10723246246267,FLOURS
LAXMI,SHARBATI CHAPPATI FLOUR,5CHS4,4X10 LB,10723246246243,FLOURS
LAXMI,SHARBATI CHAPPATI FLOUR,5CHS1,2X20 LB,20723246246028,FLOURS
LAXMI,CHAKKI ATTA,5CHA2,4X10 LB,10723246289387,FLOURS
LAXMI,CHAKKI ATTA,5CHA1,2X20 LB,10723246287444,FLOURS
LAXMI,CHAKKI ATTA,5CHA4,10X4 LB,10723246289394,FLOURS
LAXMI,MULTIGRAIN ATTA,5CHM6,4X10 LB,10723246289653,FLOURS
LAXMI,MULTIGRAIN ATTA,5CHM5,2X20 LB,10723246289646,FLOURS
LAXMI,MULTIGRAIN ATTA,5CHM4,10X4 LB,10723246290406,FLOURS
LAXMI,FRESHLY MILLED BESAN FLOUR,5BE6,10X4 LB,10723246121021,FLOURS
LAXMI,FRESHLY MILLED BESAN FLOUR,5BE35,4X10 LB,10723246121007,FLOURS
LAXMI,FRESHLY MILLED BESAN FLOUR,5BE81,20X2 LB,20723246121035,FLOURS
LAXMI,FRESHLY MILLED BESAN FLOUR,5LB7,50 LB,20723246297037,FLOURS
LAXMI,LADOO BESAN,5LB7,20X2 LB,20723246297037,FLOURS
LAXMI,FRESHLY MILLED RICE FLOUR,5RI6,20X2 LB,10723246297191,FLOURS
LAXMI,FRESHLY MILLED RICE FLOUR,5RI39,4X10 LB,10723246121199,FLOURS
LAXMI,FRESHLY MILLED RICE FLOUR,5RI3,25 LB,N/A,FLOURS
LAXMI,FRESHLY MILLED RICE FLOUR,5RI1,100 LB,N/A,FLOURS
LAXMI,SOOJI COARSE,5SO7,20X2 LB,20723246121202,FLOURS
LAXMI,SOOJI COARSE,5SO6,10X4 LB,10723246121212,FLOURS
LAXMI,SOOJI FINE,5SOF7,20X2 LB,20723246298041,FLOURS
LAXMI,SOOJI FINE,5SOF6,10X4 LB,10723246131426,FLOURS
LAXMI,SOOJI ROASTED,5SOR7,20X2 LB,20723246246141,FLOURS
LAXMI,SOOJI ROASTED,5SOR6,10X4 LB,10723246246137,FLOURS
LAXMI,ALL PURPOSE FLOUR (MAIDA),5AL7,20X2 LB,20723246131393,FLOURS
LAXMI,ALL PURPOSE FLOUR (MAIDA),5AL6,10X4 LB,20723246131389,FLOURS
LAXMI,BAJRI FLOUR,5BJ,20X2 LB,20723246297006,FLOURS
LAXMI,JUWAR FLOUR,5T,20X2 LB,20723246297020,FLOURS
LAXMI,CHAPPATI FLOUR,5CH1,20 LB,N/A,FLOURS
LAXMI,FROZEN GRADED COCONUT,LFCG12,24X400 GM,30723246287738,FROZEN VEGETABLES
LAXMI,FROZEN GRADED COCONUT,LFCG12,10X1.2 KG,10723246287901,FROZEN VEGETABLES
LAXMI,FROZEN SHREDDED COCONUT,LFCS10,24X400 GM,21723246160088,FROZEN VEGETABLES
LAXMI,FROZEN SHREDDED COCONUT,LFCS02,10X1.2 KG,10723246268542,FROZEN VEGETABLES
LAXMI,FROZEN COCONUT SLICES,LFCSL12,24X400 GM,30723246288391,FROZEN VEGETABLES
LAXMI,FROZEN DRUMSTICKS,LFVD1,24X300 GM,10723246165346,FROZEN VEGETABLES
LAXMI,FROZEN DRUMSTICKS,LFVD3,8X908 GM,10723246292707,FROZEN VEGETABLES
LAXMI,FROZEN GUAR,LFVG02,24X300 GM,30723246260847,FROZEN VEGETABLES
LAXMI,FROZEN GREEN PEAS,LFVG30,24X300 GM,10723246165322,FROZEN VEGETABLES
LAXMI,FROZEN GREEN PEAS,LFVG91,8X908 GM,10723246287888,FROZEN VEGETABLES
LAXMI,FROZEN KARELA,LFVK12,24X300 GM,30723246260793,FROZEN VEGETABLES
LAXMI,FROZEN METHI LEAVES,LFVM20,24X300 GM,30723246260823,FROZEN VEGETABLES
LAXMI,FROZEN BHINDI (OKRA CUT),LFVO22,24X300 GM,30723246260762,FROZEN VEGETABLES
LAXMI,FROZEN BHINDI (OKRA CUT),LFVO01,8X908 GM,10723246287871,FROZEN VEGETABLES
LAXMI,FROZEN SURTI PAPDI LILVA,LFVS13,24X300 GM,30723246260892,FROZEN VEGETABLES
LAXMI,FROZEN SAMBAR MIX,LFVSA22,24X400 GM,30723246260083,FROZEN VEGETABLES
LAXMI,FROZEN TINDORA CUT,LFVT12,24X300 GM,30723246260809,FROZEN VEGETABLES
LAXMI,FROZEN TINDORA CUT,LFVT01,8X908 GM,10723246287925,FROZEN VEGETABLES
LAXMI,FROZEN TOOVAR LILVA,LFVT91,24X300 GM,30723246260809,FROZEN VEGETABLES
LAXMI,FROZEN VAL LILVA,LFVV12,24X300 GM,10723246165339,FROZEN VEGETABLES
LAXMI,FROZEN VAL PAPDI,LFVV12,24X300 GM,30723246260816,FROZEN VEGETABLES
LAXMI,FROZEN MIXED VEGETABLES,LFVMV20,24X300 GM,30723246289015,FROZEN VEGETABLES
LAXMI,FROZEN MIXED VEGETABLES,LFVMV10,8X908 GM,10723246289028,FROZEN VEGETABLES
LAXMI,FROZEN PEAS & CARROTS,LFVMV30,24X300 GM,30723246290615,FROZEN VEGETABLES
LAXMI,FROZEN SURAN,LFVS4,24X300 GM,10723246165278,FROZEN VEGETABLES
LAXMI,FROZEN GREEN CHILLI,LFVCGO,24X300 GM,20723246293176,FROZEN VEGETABLES
LAXMI,FROZEN RED ONION,LFVORO,24X300 GM,20723246293206,FROZEN VEGETABLES
LAXMI,FROZEN RATALU (YAM) CUT,LFVORO,24X300 GM,20723246293220,FROZEN VEGETABLES
LAXMI,FROZEN ALOO PARATHA,LFBA,24X400 GM,20723246290090,FROZEN STUFFED PARATHA
LAXMI,FROZEN GOBHI PARATHA,LFBG,24X400 GM,20723246290106,FROZEN STUFFED PARATHA
LAXMI,FROZEN PANEER PARATHA,LFBPN,24X400 GM,20723246290137,FROZEN STUFFED PARATHA
LAXMI,FROZEN ONION PARATHA,LFBO,24X400 GM,20723246290120,FROZEN STUFFED PARATHA
LAXMI,FROZEN MULI PARATHA,LFBML,24X400 GM,20723246290144,FROZEN STUFFED PARATHA
LAXMI,FROZEN MIXED VEG PARATHA,LFBMV,24X400 GM,20723246290113,FROZEN STUFFED PARATHA
LAXMI,FROZEN METHI PARATHA,LFBME,24X400 GM,20723246290168,FROZEN STUFFED PARATHA
LAXMI,FROZEN LACHHA PARATHA,LFBL,24X400 GM,20723246290151,FROZEN STUFFED PARATHA
LAXMI,FROZEN TANDOORI ROTI,LFBTR,8X960 GM,10723246290277,FROZEN STUFFED PARATHA
LAXMI,FROZEN PANEER PARATHA BLK,LFBPN1,8X1600 GM,10723246292905,FROZEN STUFFED PARATHA
LAXMI,FROZEN ALOO PARATHA BLK,LFBA1,8X1600 GM,10723246292899,FROZEN STUFFED PARATHA
LAXMI,FROZEN SHARBATI CHAPATI,LFBCS,12X700 GM,10723246290024,FROZEN STUFFED PARATHA
LAXMI,FROZEN BULLET NAAN,LFNB,24X400 GM,30723246287820,FROZEN NAAN
LAXMI,FROZEN BULLET NAAN BULK,LFNB1,8X1200 GM,10723246290086,FROZEN NAAN
LAXMI,FROZEN GARLIC BUTTER NAAN,LFNG0,24X400 GM,30723246287806,FROZEN NAAN
LAXMI,FROZEN GARLIC BUTTER NAAN BULK,LFNG1,8X1200 GM,10723246287819,FROZEN NAAN
LAXMI,FROZEN TANDOORI PLAIN NAAN,LFNT0,24X400 GM,30723246287783,FROZEN NAAN
LAXMI,FROZEN TANDOORI PLAIN NAAN BULK,LFNT1,8X1200 GM,10723246290079,FROZEN NAAN
LAXMI,FROZEN HOME STYLE PARATHA BULK,LFPH11,8X1600 GM,10723246292608,FROZEN NAAN
LAXMI,FROZEN BHATURA BULK,LFPH11,8X975 GM,10723246288892,FROZEN NAAN
LAXMI,MEGA JUMBO PUNJABI SAMOSA,LFPSM1,6X16X125 GM,10723246291779,FROZEN SAMOSA
LAXMI,SUPER JUMBO PUNJABI SAMOSA,LFPSM,6X20X100 GM,10723246290307,FROZEN SAMOSA
LAXMI,PUNJABI SAMOSA,LFPS40,12X12X40 GM,10723246283101,FROZEN SAMOSA
LAXMI,PUNJABI SAMOSA,LFPS2,6X30X40 GM,10723246283132,FROZEN SAMOSA
LAXMI,JUMBO PUNJABI SAMOSA,LFPS30,12X8X75 GM,10723246283118,FROZEN SAMOSA
LAXMI,JUMBO PUNJABI SAMOSA,LFPS1,6X20X75 GM,10723246283125,FROZEN SAMOSA
LAXMI,COCKTAIL POTATO & PEAS SAMOSA,LFPS50,12X20X20 GM,10723246283200,FROZEN SAMOSA
LAXMI,COCKTAIL TANDOORI PANEER SAMOSA,LFTS0,12X20X20 GM,20723246287779,FROZEN SAMOSA
LAXMI,COCKTAIL JALAPENO & CHEESE SAMOSA,LFJS0,12X20X20 GM,20723246287762,FROZEN SAMOSA
LAXMI,JUMBO PUNJABI SAMOSA,LFPSN20,12X8X75 GM,20723246289339,FROZEN SAMOSA
LAXMI,HYDERABADI ONION SAMOSA,LFSHO,8X25X25 GM,10723246289851,FROZEN SAMOSA
LAXMI,ALPHONSO MANGO SLICES,LFVMA2,12X312 GM,20723246290335,FROZEN MANGO PULP & SLICES
LAXMI,KESAR MANGO SLICES,LFVMK2,12X312 GM,20723246290342,FROZEN MANGO PULP & SLICES
LAXMI,BANAGANAPALLE MANGO SLICES,LFVMB1,12X312 GM,10723246288984,FROZEN MANGO PULP & SLICES
LAXMI,FROZEN JALEBI,LSWJ,12X454 GM,20723246292315,FROZEN SWEETS
LAXMI,FROZEN MILK CAKE,LSWMC,12X350 GM,10723246289967,FROZEN SWEETS
LAXMI,FROZEN MOTICHUR LADOO,LSWML,12X350 GM,10723246289905,FROZEN SWEETS
LAXMI,FROZEN KAJU DRYFUIT,LSWKM,12X350 GM,10723246289998,FROZEN SWEETS
LAXMI,FROZEN KESAR PENDA,LSWKP,12X350 GM,10723246289950,FROZEN SWEETS
LAXMI,FROZEN KAJU KATRI,LSWKK,12X350 GM,10723246289974,FROZEN SWEETS
LAXMI,FROZEN PANEER JALEBI,LSWPJ,12X350 GM,10723246289912,FROZEN SWEETS
LAXMI,FROZEN SUTARFENI,LSWSF,12X350 GM,10723246289929,FROZEN SWEETS
LAXMI,FROZEN MALAI PENDA,LSWMP,12X350 GM,10723246289936,FROZEN SWEETS
LAXMI,FROZEN GULAB JAMUN BUCKET (200PCS),1X20 KG,N/A,FROZEN SWEETS
LAXMI,YELLOW DAL TADKA,LFGDT,12X284 GM,20723246291103,FROZEN GRAVY & CURRIES
LAXMI,BAIGAN BHARTA,LFGBB1,12X284 GM,20723246291141,FROZEN GRAVY & CURRIES
LAXMI,BHINDI MASALA,LFGBM1,12X284 GM,20723246291158,FROZEN GRAVY & CURRIES
LAXMI,PUNJABI CHOLEY,LFGPC1,12X284 GM,20723246291271,FROZEN GRAVY & CURRIES
LAXMI,SARSON KA SAAG,LFGSS1,12X284 GM,20723246291349,FROZEN GRAVY & CURRIES
LAXMI,PANEER MAKHANI,LFGPM1,12X284 GM,20723246291257,FROZEN GRAVY & CURRIES
LAXMI,PALAK PANEER,LFGPP1,12X284 GM,20723246291196,FROZEN GRAVY & CURRIES
LAXMI,SHAHI MALAI PANEER,LFGMP1,12X284 GM,20723246291172,FROZEN GRAVY & CURRIES
LAXMI,SHAHI PANEER,LFGSP1,12X284 GM,20723246291356,FROZEN GRAVY & CURRIES
LAXMI,PANEER TIKKA MASALA,LFGTM1,12X284 GM,20723246291264,FROZEN GRAVY & CURRIES
LAXMI,PANEER BUTTER MASALA,LFGPBM,12X284 GM,20723246291202,FROZEN GRAVY & CURRIES
LAXMI,SHAHI MALAI KOFTA,LFGMK1,12X284 GM,20723246291165,FROZEN GRAVY & CURRIES
LAXMI,SHAHI METHI MALAI MATAR,LFGMM1,12X284 GM,20723246291189,FROZEN GRAVY & CURRIES
LAXMI,AMRITSARI CHOLEY,LFGAC1,12X284 GM,20723246291134,FROZEN GRAVY & CURRIES
LAXMI,RAJMA MASALA,LFGRM1,12X284 GM,20723246291332,FROZEN GRAVY & CURRIES
LAXMI,DAL MAKHANI,LFGDM1,12X284 GM,20723246291127,FROZEN GRAVY & CURRIES
LAXMI,PAV BHAJI,LFGPB1,12X284 GM,20723246291219,FROZEN GRAVY & CURRIES
LAXMI,FRESH PANEER,LDPF2,24X12 OZ,30723246293791,FRESH PANEER
LAXMI,FRESH PANEER,LDPF,4X5 LB,10723246293780,FRESH PANEER
LAXMI,GRASS FED BUTTER GHEE,LOGH8,12X8 OZ,20723246102201,GHEE
LAXMI,GRASS FED BUTTER GHEE,LOGH6,12X14 OZ,20723246286192,GHEE
LAXMI,GRASS FED BUTTER GHEE,LOGH4,12X28 OZ,20723246286185,GHEE
LAXMI,GRASS FED BUTTER GHEE,LOGH2,6X56 OZ,10723246286171,GHEE
LAXMI,GRASS FED BUTTER GHEE,LOGH0,20 LB,N/A,GHEE
LAXMI,JAGGERY BALLS,LMG10,12X2 LB,20723246285638,JAGGERY RANGE
LAXMI,JAGGERY CUBES,LMG7,20X2 LB,20723246285652,JAGGERY RANGE
LAXMI,JAGGERY POWDER,LMG12,10X2 LB,10723246285822,JAGGERY RANGE
LAXMI,DESI JAGGERY,LMGN1,6X4.4 LB,10723246265466,JAGGERY RANGE
LAXMI,DESI JAGGERY,LMGN,4X11 LB,10723246265473,JAGGERY RANGE
LAXMI,PUNJABI GUD,LMGP1,20X2 LB,10723246287154,JAGGERY RANGE
LAXMI,PUNJABI MASALA GUD,LMGPM1,20X2 LB,10723246287161,JAGGERY RANGE
LAXMI,PUNJABI SHAKKAR,LMGS2,20X2 LB,10723246287147,JAGGERY RANGE
LAXMI,KOHLAPURI JAGGERY,LMG1,6X2 KG,10723246211494,JAGGERY RANGE
LAXMI,COCONUT JAGGERY,LMGK,20X1 LB,20723246292681,JAGGERY RANGE
LAXMI,KARUPATTI JAGGERY,LMGC,20X1 LB,20723246292674,JAGGERY RANGE
LAXMI,PEANUT CHIKKI,2CP1,20X200 GM,20723246286345,LADDU & CHIKKI
LAXMI,CRUSHED PEANUT CHIKKI,2CCP1,20X200 GM,20723246286352,LADDU & CHIKKI
LAXMI,TILL CHIKKI,2CT1,20X200 GM,20723246286369,LADDU & CHIKKI
LAXMI,PEANUT LADDU,2LP1,20X200 GM,20723246286376,LADDU & CHIKKI
LAXMI,TILL LADDU,2LT1,20X200 GM,20723246286383,LADDU & CHIKKI
LAXMI,KURAMURA LADDU,2LK1,40X100 GM,40723246286400,LADDU & CHIKKI
LAXMI,CALCUTTA MUKHWAS,LMUC3,20X200 GM,20723246292193,MUKHWAS
LAXMI,FENNEL CANDY MUKHWAS,LMUCF6,20X200 GM,20723246292643,MUKHWAS
LAXMI,GREEN MUKHWAS,LMUG6,20X200 GM,20723246292650,MUKHWAS
LAXMI,GUJARATI MUKHWAS,LMUGJ1,20X200 GM,20723246292186,MUKHWAS
LAXMI,RED MUKHWAS,LMUR6,20X200 GM,20723246292667,MUKHWAS
LAXMI,ALPHONSO MANGO PULP,LPUA0,6X850 GM,N/A,MANGO PULP
LAXMI,KESAR MANGO PULP,LPUK0,6X850 GM,N/A,MANGO PULP
LAXMI,LOOSE BLACK TEA (W/ FREE TEA MASALA),LTPO,18X2 LB,N/A,PREMIUM TEA
LAXMI,FRIED ONIONS,LF01,15X400 GM,N/A,PREMIUM FRIED ONIONS
LAXMI,RUSK,2RT3,24X300 GM,20723246264824,RUSK
LAXMI,MILK RUSK,2RT2,24X300 GM,20723246282118,RUSK
LAXMI,RUSK,2RT5,12X600 GM,20723246291813,RUSK
LAXMI,MILK RUSK,2RT4,12X600 GM,20723246291806,RUSK
LAXMI,MILK RUSK,2RT6,6X1.2 KG,10723246293353,RUSK
LAXMI,RUSK,2RT7,6X1.2 KG,10723246293360,RUSK
LAXMI,ROASTED CHANA,2RGJ1,10X400 GM,10723246286867,ROASTED CHICKPEAS
LAXMI,ROASTED CHANA SALTED TURMERIC,2RGJ2,10X400 GM,10723246286881,ROASTED CHICKPEAS
LAXMI,MAHABALESHWARI ROASTED CHANA,2RGJ4,10X400 GM,10723246286898,ROASTED CHICKPEAS
LAXMI,MAHABALESHWARI ROASTED CHANA SALTED,2RGJ6,10X400 GM,10723246286904,ROASTED CHICKPEAS
LAXMI,MAHABALESHWARI ROASTED CHANA SALTED TURMERIC,2RGJ8,10X400 GM,10723246286911,ROASTED CHICKPEAS
LAXMI,MAHABALESHWARI ROASTED CHANA (POUCH),2RGM1,20X400 GM,20723246291653,ROASTED CHICKPEAS
LAXMI,MAHABALESHWARI ROASTED CHANA (POUCH),2RGM2,10X800 GM,10723246291663,ROASTED CHICKPEAS
LAXMI,DESI ROASTED CHANA (POUCH),2RGYD1,20X400 GM,20723246291639,ROASTED CHICKPEAS
LAXMI,DESI ROASTED CHANA (POUCH),2RGYD2,10X800 GM,10723246291649,ROASTED CHICKPEAS
LAXMI,AJWAIN SEEDS,1AJ2,20X200 GM,20723246176028,SPICES RANGE
LAXMI,AJWAIN SEEDS,1AJ4,20X400 GM,20723246177124,SPICES RANGE
LAXMI,AMCHUR POWDER,1AM7,20X200 GM,20723246176929,SPICES RANGE
LAXMI,STAR ANISE SEEDS,1AS6,20X100 GM,20723246265609,SPICES RANGE
LAXMI,STAR ANISE SEEDS,1AS5,20X200 GM,20723246176912,SPICES RANGE
LAXMI,BAY LEAVES,1BL6,20X1/2 OZ,60723246176125,SPICES RANGE
LAXMI,BAY LEAVES,1BL41,20X2 OZ,20723246188282,SPICES RANGE
LAXMI,BAY LEAVES,1BL8,20X3.5 OZ,20723246293558,SPICES RANGE
LAXMI,GUNTUR SANNAM CHILLI,1CHWG2,20X200 GM,20723246295255,SPICES RANGE
LAXMI,GUNTUR SANNAM CHILLI,1CHWG1,10X400 GM,10723246287024,SPICES RANGE
LAXMI,WHOLE BLACK PEPER,1BPW7,20X100 GM,20723246176134,SPICES RANGE
LAXMI,WHOLE BLACK PEPER,1BPW8,20X200 GM,20723246265814,SPICES RANGE
LAXMI,KALONJI,1CA5,20X200 GM,20723246177247,SPICES RANGE
LAXMI,CARDAMOM BLACK,1CDB7,20X100 GM,20723246186591,SPICES RANGE
LAXMI,CARDAMOM GREEN,1CDJ7,20X100 GM,10723246186396,SPICES RANGE
LAXMI,CARDAMOM GREEN,1CDJ6,20X200 GM,20723246295439,SPICES RANGE
LAXMI,CARDAMOM SEEDS,1CDS7,20X100 GM,10723246176502,SPICES RANGE
LAXMI,CARDAMOM POWDER,1CDP7,20X100 GM,10723246176212,SPICES RANGE
LAXMI,CRUSHED RED CHILI,1CHC5,20X200 GM,20723246187574,SPICES RANGE
LAXMI,RESHAMPATTI CHILI POWDER,1CHR6,20X200 GM,3072324616247,SPICES RANGE
LAXMI,RED CHILI POWDER,1CH6,20X200 GM,20723246176226,SPICES RANGE
LAXMI,RED CHILI POWDER,1CH7,20X400 GM,30723246176230,SPICES RANGE
LAXMI,RED CHILI POWDER,1CH5,10X800 GM,60723246177290,SPICES RANGE
LAXMI,RED CHILI POWDER,1CH4,6X4 LB,50723246177408,SPICES RANGE
LAXMI,KASHMIRI CHILI POWDER,1CHK6,6X4 LB,10723246292691,SPICES RANGE
LAXMI,KASHMIRI CHILI POWDER,1CHK3,20X200 GM,20723246265661,SPICES RANGE
LAXMI,KASHMIRI CHILI POWDER,1CHK4,20X400 GM,20723246265678,SPICES RANGE
LAXMI,KASHMIRI CHILI POWDER,1CHK5,10X800 GM,10723246285242,SPICES RANGE
LAXMI,WHOLE KASHMIRI RED CHILIES,1CHWK5,20X200 GM,20723246289254,SPICES RANGE
LAXMI,WHOLE RED CHILIES,1CHW4,20X200 GM,20723246176271,SPICES RANGE
LAXMI,WHOLE RED CHILIES,1CHW4,20X400 GM,30723246186635,SPICES RANGE
LAXMI,ROUND RED CHILIES,1CHWR6,20X200 GM,20723246295248,SPICES RANGE
LAXMI,EXTRA HOT CHILI POWDER,1CHX7,20X200 GM,20723246177216,SPICES RANGE
LAXMI,EXTRA HOT CHILI POWDER,1CHX6,20X400 GM,3072324617716,SPICES RANGE
LAXMI,EXTRA HOT CHILI POWDER,1CHX5,10X800 GM,60723246177306,SPICES RANGE
LAXMI,EXTRA HOT CHILI POWDER,1CH4,6X4 LB,50723246177415,SPICES RANGE
LAXMI,BYADAGI CHILI,1CHWB5,10X400 GM,10723246287000,SPICES RANGE
LAXMI,TEJA HOT CHILI,1CHWT,10X400 GM,10723246293339,SPICES RANGE
LAXMI,CINAMMON POWDER,1CIP5,20X100 GM,10723246176311,SPICES RANGE
LAXMI,WHOLE CLOVES,1CL6,20X100 GM,10723246176359,SPICES RANGE
LAXMI,WHOLE CLOVES,1CL51,20X200 GM,10723246177622,SPICES RANGE
LAXMI,WHOLE CLOVES,1CL7,20X400 GM,20723246293671,SPICES RANGE
LAXMI,CORIANDER SEEDS,1CO8,20X200 GM,20723246176417,SPICES RANGE
LAXMI,CORIANDER SEEDS,1CO7,20X400 GM,10723246176427,SPICES RANGE
LAXMI,CORIANDER SEEDS,1CO6,8X800 GM,10723246177196,SPICES RANGE
LAXMI,CORIANDER SEEDS,1CO5,6X4 LB,10723246265329,SPICES RANGE
LAXMI,CORIANDER POWDER,1COP7,20X200 GM,20723246176394,SPICES RANGE
LAXMI,CORIANDER POWDER,1COP6,20X400 GM,30723246176407,SPICES RANGE
LAXMI,CORIANDER POWDER,1COP5,10X800 GM,60723246177252,SPICES RANGE
LAXMI,CORIANDER POWDER,1COP4,6X4 LB,50723246177583,SPICES RANGE
LAXMI,CURRY POWDER,1CR4,20X200 GM,20723246176486,SPICES RANGE
LAXMI,CUMIN SEEDS,1CU7,20X200 GM,20723246176462,SPICES RANGE
LAXMI,CUMIN SEEDS,1CU5,20X400 GM,20723246176479,SPICES RANGE
LAXMI,CUMIN SEEDS,1CU42,10X800 GM,10723246177134,SPICES RANGE
LAXMI,CUMIN SEEDS,N/A,6X4 LB,10723246177431,SPICES RANGE
LAXMI,CUMIN POWDER,1CUP7,20X200 GM,20723246176455,SPICES RANGE
LAXMI,CUMIN POWDER,1CUP6,20X400 GM,30723246176452,SPICES RANGE
LAXMI,CUMIN POWDER,1CUP5,10X800 GM,10723246177288,SPICES RANGE
LAXMI,CUMIN POWDER,1CUP4,6X4 LB,50723246177477,SPICES RANGE
LAXMI,GINGER POWDER,1GI5,20X200 GM,20723246176608,SPICES RANGE
LAXMI,GARAM MASALA POWDER,1GM7,20X200 GM,20723246187741,SPICES RANGE
LAXMI,GARAM MASALA POWDER,1GM6,20X400 GM,30723246176575,SPICES RANGE
LAXMI,GARAM MASALA POWDER,1GM4,6X4 LB,50723246177446,SPICES RANGE
LAXMI,WHOLE JAVANTRI,1JW5,20X100 GM,10723246295456,SPICES RANGE
LAXMI,KALA JEERA,1KJ5,20X100 GM,10723246176625,SPICES RANGE
LAXMI,METHI SEEDS,1ME7,20X200 GM,20723246176707,SPICES RANGE
LAXMI,METHI SEEDS,1ME6,20X400 GM,20723246176714,SPICES RANGE
LAXMI,METHI SEEDS,1ME51,10X800 GM,10723246265947,SPICES RANGE
LAXMI,METHI POWDER,1MEP5,20X200 GM,20723246176691,SPICES RANGE
LAXMI,METHI POWDER,1DJ6,20X400 GM,30723246176490,SPICES RANGE
LAXMI,SMALL MUSTARD SEEDS,1MUS6,20X400 GM,20723246295873,SPICES RANGE
LAXMI,SMALL MUSTARD SEEDS,1MUS5,10X800 GM,10723246295883,SPICES RANGE
LAXMI,MUSTARD SEEDS,1MU7,20X200 GM,20723246211552,SPICES RANGE
LAXMI,MUSTARD SEEDS,1MU6,20X400 GM,20723246176752,SPICES RANGE
LAXMI,MUSTARD SEEDS,1MU5,10X800 GM,10723246295562,SPICES RANGE
LAXMI,NUTMEG POWDER,1NP5,20X100 GM,10723246176762,SPICES RANGE
LAXMI,NUTMEG WHOLE,1NW5,20X100 GM,10723246187195,SPICES RANGE
LAXMI,PAPRIKA,1PA7,20X200 GM,20723246176806,SPICES RANGE
LAXMI,PAPRIKA,1PA6,20X400 GM,20723246176813,SPICES RANGE
LAXMI,PAPRIKA,1PA5,10X800 GM,10723246177318,SPICES RANGE
LAXMI,POPPY SEEDS,1PO4,20X100 GM,20723246176820,SPICES RANGE
LAXMI,POPPY SEEDS,1PO3,20X200 GM,20723246176837,SPICES RANGE
LAXMI,FLAXSEEDS,1FL4,20X400 GM,20723246288929,SPICES RANGE
LAXMI,BLACK SESAME SEED,1SSB5,20X400 GM,20723246176882,SPICES RANGE
LAXMI,BROWN SESAME SEED,1SSR5,20X400 GM,20723246176905,SPICES RANGE
LAXMI,BROWN SESAME SEED,1SSR8,10X800 GM,10723246285037,SPICES RANGE
LAXMI,WHITE SESAME SEED,1SSW5,20X400 GM,20723246176899,SPICES RANGE
LAXMI,WHITE SESAME SEED,1SSW8,10X800 GM,10723246285044,SPICES RANGE
LAXMI,TAKMARIA,1TK3,20X100 GM,20723246177001,SPICES RANGE
LAXMI,TEA MASALA,1TM2,20X100 GM,10723246176984,SPICES RANGE
LAXMI,TURMERIC POWDER,1TU6,20X200 GM,20723246176998,SPICES RANGE
LAXMI,TURMERIC POWDER,1TU7,20X400 GM,30723246177206,SPICES RANGE
LAXMI,TURMERIC POWDER,1TU7,10X800 GM,10723246177325,SPICES RANGE
LAXMI,TURMERIC POWDER,1TU4,6X4 LB,50723246177484,SPICES RANGE
LAXMI,DALIA,LMDA7,20X400 GM,30723246181449,SPICES RANGE
LAXMI,DALIA,LMDA5,10X800 GM,20723246211248,SPICES RANGE
LAXMI,CINAMMON STICKS (ROUND),1CI50,20X400 GM,10723246177752,SPICES RANGE
LAXMI,CINAMMON STICKS (ROUND),1CI51,20X200 GM,20723246178107,SPICES RANGE
LAXMI,CINAMMON STICKS (FLAT),1CID4,20X200 GM,10723246176281,SPICES RANGE
LAXMI,CHAROLI,9CH5,20X100 GM,20723246172068,SPICES RANGE
LAXMI,CARDAMOM SEEDS,1CDS7,20X100 GM,10723246176502,SPICES RANGE
LAXMI,FENNEL SEEDS,LMUFA,20X200 GM,20723246178008,SPICES RANGE
LAXMI,FENNEL SEEDS,LMUF9,20X400 GM,10738661110017,SPICES RANGE
LAXMI,SUN SAFFRON,1SF10,84X12X1 GM,N/A,SPICES RANGE
LAXMI,SUN SAFFRON,1SF10M,80X1 OZ,N/A,SPICES RANGE
LAXMI,SUN SAFFRON,1SF20,42X12X2 GM,N/A,SPICES RANGE
LAXMI,SUN SAFFRON,1SF50,20X12X5 GM,20738661110052,SPICES RANGE
LAXMI,TAMARIND SEEDLESS (SLAB),1TAS0,12X1 KG,20723246134240,SPICES RANGE
LAXMI,TAMARIND SEEDLESS (SLAB),1TAS1,25X500 GM,20723246134240,SPICES RANGE
LAXMI,TAMARIND SEEDLESS (SLAB),1TAS2,50X250 GM,20723246134240,SPICES RANGE
LAXMI,IDLI RICE,4I7,10X4 LB,10723246282388,SOUTH INDIAN RICE
LAXMI,IDLI RICE,4I35,4X10 LB,10723246115143,SOUTH INDIAN RICE
LAXMI,IDLI RICE,4I26,2X20 LB,10723246115218,SOUTH INDIAN RICE
LAXMI,KERALA KUTHARI MATTA RICE,4KK28,2X20 LB,20723246115096,SOUTH INDIAN RICE
LAXMI,PONNI BOILED RICE,4PB35,4X10 LB,10723246115137,SOUTH INDIAN RICE
LAXMI,PONNI BOILED RICE,4PB26,2X20 LB,10723246115102,SOUTH INDIAN RICE
LAXMI,PONNI RAW RICE,4PR35,4X10 LB,10723246115137,SOUTH INDIAN RICE
LAXMI,PONNI RAW RICE,4PR26,2X20 LB,10723246115102,SOUTH INDIAN RICE
LAXMI,SONA MASOORI RICE,4SM5,10X4 LB,10723246282388,SOUTH INDIAN RICE
LAXMI,SONA MASOORI RICE,4SM35,4X10 LB,10723246115143,SOUTH INDIAN RICE
LAXMI,SONA MASOORI RICE,4SM25,2X20 LB,10723246115218,SOUTH INDIAN RICE
LAXMI,BROWN SONA MASOORI RICE,4SMB7,4X10 LB,20723246284624,SOUTH INDIAN RICE
LAXMI,ORGANIC SONA MASOORI,LXO4SM35,4X10 LB,10723246282333,SOUTH INDIAN RICE
LAXMI,CRYSTAL SONA MASOORI RICE,4SMC25,2X20 LB,20723246264787,SOUTH INDIAN RICE
LAXMI,IDLI RAVA,5IRS6,10X4 LB,10723246289677,SOUTH INDIAN RICE FLOUR
LAXMI,IDLI RAVA,5IRS7,20X2 LB,10723246289684,SOUTH INDIAN RICE FLOUR
LAXMI,RAGI FLOUR,5RGS4,20X2 LB,110723246289691,SOUTH INDIAN RICE FLOUR
LAXMI,RAGI FLOUR,5RGS6,10X4 LB,10723246291045,SOUTH INDIAN RICE FLOUR
LAXMI,RICE FLOUR,5RIS6,10X4 LB,10723246289707,SOUTH INDIAN RICE FLOUR
LAXMI,RICE FLOUR,5RIS7,20X2 LB,10723246289714,SOUTH INDIAN RICE FLOUR
LAXMI,ROASTED UPMA MIX,5SRU6,10X4 LB,10723246289356,SOUTH INDIAN RICE FLOUR
LAXMI,ROASTED UPMA MIX,5SRU7,20X2 LB,20723246289360,SOUTH INDIAN RICE FLOUR
AMMA'S KITCHEN,ACHAPPAM,AA13,20X200 GM,10723246200078,AK SOUTH INDIAN SNACKS
AMMA'S KITCHEN,BANANA MARI,AA23,20X285 GM,20723246288578,AK SOUTH INDIAN SNACKS
AMMA'S KITCHEN,BANANA CHIPS,AB43,20X285 GM,20723246288592,AK SOUTH INDIAN SNACKS
AMMA'S KITCHEN,BANANA CHIPS,AB33,10X707 GM,10723246288526,AK SOUTH INDIAN SNACKS
AMMA'S KITCHEN,SPICY PLANTAIN CHIPS,AB493,20X200 GM,20723246293411,AK SOUTH INDIAN SNACKS
AMMA'S KITCHEN,JAGGERY BANANA,AB63,20X285 GM,20723246288608,AK SOUTH INDIAN SNACKS
AMMA'S KITCHEN,BANANA CHIPS CHILI MASALA,AB862,20X285 GM,20723246288585,AK SOUTH INDIAN SNACKS
AMMA'S KITCHEN,JACKFRUIT CHIPS,AJ22,20X200 GM,10723246200313,AK SOUTH INDIAN SNACKS
AMMA'S KITCHEN,KERALA MURUKKU,AK13,20X200 GM,10723246200085,AK SOUTH INDIAN SNACKS
AMMA'S KITCHEN,KERALA MIXTURE,AK212,20X285 GM,20723246288615,AK SOUTH INDIAN SNACKS
AMMA'S KITCHEN,KERALA MIXTURE,AK24,10X707 GM,10723246288540,AK SOUTH INDIAN SNACKS
AMMA'S KITCHEN,MADRAS MIXTURE,AM13,20X285 GM,20723246288622,AK SOUTH INDIAN SNACKS
AMMA'S KITCHEN,MADRAS MIXTURE,AM022,10X707 GM,10723246288533,AK SOUTH INDIAN SNACKS
AMMA'S KITCHEN,COUNTRY MIXTURE,AM20,10X707 GM,20723246288561,AK SOUTH INDIAN SNACKS
AMMA'S KITCHEN,BUTTER MURUKKU,AM312,20X200 GM,20723246293084,AK SOUTH INDIAN SNACKS
AMMA'S KITCHEN,GARLIC MURUKKU,AM32,20X200 GM,20723246293107,AK SOUTH INDIAN SNACKS
AMMA'S KITCHEN,CHEKODI RING MURUKKU,AM343,20X200 GM,20723246293015,AK SOUTH INDIAN SNACKS
AMMA'S KITCHEN,RING MURUKKU,AM42,20X200 GM,20723246293213,AK SOUTH INDIAN SNACKS
AMMA'S KITCHEN,TAPIOCA CHIPS HOT,AT43,20X200 GM,10723246200023,AK SOUTH INDIAN SNACKS
AMMA'S KITCHEN,MASALA DOSA WITH CHUTNEY,AFDM1,12X440 GM,20723246290441,AK FROZEN SNACKS
AMMA'S KITCHEN,ONION RAVA MASALA DOSA WITH CHUTNEY,AFDRM1,12X440 GM,2030723246290516,AK FROZEN SNACKS
AMMA'S KITCHEN,DAL VADA WITH CHUTNEY,AFDV1,12X320 GM,20723246290496,AK FROZEN SNACKS
AMMA'S KITCHEN,IDLI CHUTNEY BLK,AFI0,6X24X40 GM,10723246290048,AK FROZEN SNACKS
AMMA'S KITCHEN,IDLI WITH CHUTNEY,AFIC1,12X320 GM,2030723246290516,AK FROZEN SNACKS
AMMA'S KITCHEN,MASALA IDLI,AFIM1,12X320 GM,30723246290530,AK FROZEN SNACKS
AMMA'S KITCHEN,MINI IDLI WITH SAMBAR/CHUTNEY,AFIMS1,12X520 GM,30723246290578,AK FROZEN SNACKS
AMMA'S KITCHEN,COMBO IDLI SAMBAR CHUTNEY,AFISC1,12X400 GM,30723246290585,AK FROZEN SNACKS
AMMA'S KITCHEN,MEDU VADA WITH CHUTNEY BLK,AFM0,6X24X35 GM,10723246290055,AK FROZEN SNACKS
AMMA'S KITCHEN,MEDU VADA WITH CHUTNEY,AFMC1,12X360 GM,20723246290458,AK FROZEN SNACKS
AMMA'S KITCHEN,MEDU VADA SAMBAR & CHUTNEY COMBO,AFMSC1,12X380 GM,20723246290601,AK FROZEN SNACKS
AMMA'S KITCHEN,RAVA IDLI WITH CHUTNEY,AFRI0,6X24X40 GM,10723246290062,AK FROZEN SNACKS
AMMA'S KITCHEN,SAMBAR,AFS2,12X284 GM,20723246290564,AK FROZEN SNACKS
AMMA'S KITCHEN,UPMA WITH CHUTNEY,AFU3,12X335 GM,20723246290502,AK FROZEN SNACKS
AMMA'S KITCHEN,ONION UTAPPAM WITH CHUTNEY,AFUO1,12X335 GM,20723246290465,AK FROZEN SNACKS
AMMA'S KITCHEN,MIXED VEGETABLE UTAPPAM WITH CHUTNEY,AFUV1,12X440 GM,20723246290472,AK FROZEN SNACKS
AMMA'S KITCHEN,MALABAR POROTTA,AFMP1,10X12X75 GM,20723246287724,AK FROZEN SNACKS
AMMA'S KITCHEN,KOTHU POROTTA,AFKP1,10X908 GM,10723246290383,AK FROZEN SNACKS
AMMA'S KITCHEN,SONA MASOORI RICE,ARSM2,2X20 LB,10723246290635,AK RICE
AMMA'S KITCHEN,SONA MASOORI RICE,ARSM0,40 LB,N/A,AK RICE
GARVI GUJARAT,PHOOL MAKHANA,GGCM0,20X100 GM,20723246293732,G.G. CEREALS
GARVI GUJARAT,3 IN 1 PURI,GGS33,20X285 GM,20723246288202,G.G. SNACKS
GARVI GUJARAT,3 IN 1 PURI,GGS392,10X737 GM,10723246287567,G.G. SNACKS
GARVI GUJARAT,BHAVNAGARI GATHIYA,GGSB12,20X285 GM,20723246288219,G.G. SNACKS
GARVI GUJARAT,BHEL SEV,GGSB42,20X285 GM,20723246288233,G.G. SNACKS
GARVI GUJARAT,BHEL SEV,GGSB7,10X737 GM,10723246287611,G.G. SNACKS
GARVI GUJARAT,BHAKAHRWADI,GGSB82,20X285 GM,20723246288240,G.G. SNACKS
GARVI GUJARAT,YELLOW BANANA WAFERS,GGSBA32,20X180 GM,10723246290772,G.G. SNACKS
GARVI GUJARAT,YELLOW BANANA WAFERS,GGSB42,10X737 GM,10723246287598,G.G. SNACKS
GARVI GUJARAT,SPICY BANANA WAFERS,GGSBA12,20X180 GM,20723246288257,G.G. SNACKS
GARVI GUJARAT,SPICY BANANA WAFERS,GGSBA22,10X737 GM,10723246287581,G.G. SNACKS
GARVI GUJARAT,PEPPER BANANA CHIPS,GGSBA12,20X180 GM,20723246288264,G.G. SNACKS
GARVI GUJARAT,PEPPER BANANA CHIPS,GGSBA22,10X737 GM,10723246287574,G.G. SNACKS
GARVI GUJARAT,BHEL MIX,GGSBL2,20X285 GM,20723246288271,G.G. SNACKS
GARVI GUJARAT,BHEL MIX,GGSBM02,10X737 GM,10723246287604,G.G. SNACKS
GARVI GUJARAT,GUJARATI CHAKRI,GGSC3,20X285 GM,20723246288288,G.G. SNACKS
GARVI GUJARAT,CHANA JOR GARAM,GGSC97,20X285 GM,20723246288295,G.G. SNACKS
GARVI GUJARAT,CORN CHIWDA,GGSCC2,20X285 GM,10723246223350,G.G. SNACKS
GARVI GUJARAT,FARALI CHIWDA,GGSF10,20X180 GM,20723246288301,G.G. SNACKS
GARVI GUJARAT,FARALI CHIWDA,GGSF15,10X737 GM,10723246287628,G.G. SNACKS
GARVI GUJARAT,JAMNAGARI GATHIYA,GGSJ2,20X285 GM,20723246288332,G.G. SNACKS
GARVI GUJARAT,NADIYADI MIX,GGSN2,20X285 GM,20723246288349,G.G. SNACKS
GARVI GUJARAT,ROASTD POHA CHIWDA,GGSP22,20X285 GM,20723246288356,G.G. SNACKS
GARVI GUJARAT,RATLAMI SEV,GGSR10,20X285 GM,20723246288370,G.G. SNACKS
GARVI GUJARAT,DRY SAMOSA,GGSS10,20X285 GM,10723246290543,G.G. SNACKS
GARVI GUJARAT,DRY KACHORI,GGSK2,20X285 GM,10723246490550,G.G. SNACKS
GARVI GUJARAT,DRY KACHORI,GGSK92,10X737 GM,10723246287635,G.G. SNACKS
GARVI GUJARAT,ALOO BHUJIYA,GGSC3,20X285 GM,20723246288288,G.G. SNACKS
GARVI GUJARAT,BOMBAY MIX,GGSC97,20X285 GM,20723246288295,G.G. SNACKS
GARVI GUJARAT,KHATA MEETA MIX,GGSKM2,20X285 GM,20723246288776,G.G. SNACKS
GARVI GUJARAT,MASALA PARA,GGSMPM2,20X285 GM,20723246288844,G.G. SNACKS
GARVI GUJARAT,SURTI MIX,GGSSM2,20X285 GM,20723246288707,G.G. SNACKS
GARVI GUJARAT,YELLOW TIKHA MIX,GGSTM2,20X285 GM,20723246288714,G.G. SNACKS
GARVI GUJARAT,BOMBAY CHANA,GGSBC2,20X285 GM,20723246288769,G.G. SNACKS
GARVI GUJARAT,MITHRI,GGSMA2,20X285 GM,20723246288783,G.G. SNACKS
GARVI GUJARAT,SADA SEV,GGSS2,20X285 GM,20723246288745,G.G. SNACKS
GARVI GUJARAT,SPICY BHEL MIX,GGSSB1,10X737 GM,10723246288793,G.G. SNACKS
GARVI GUJARAT,PLAIN KHAKRA,GGK1,4X20X200 GM,20723246292148,G.G. SNACKS
GARVI GUJARAT,MASALA KHAKRA,GGK7,4X20X200 GM,20723246292117,G.G. SNACKS
GARVI GUJARAT,BAJRA KHAKRA,GGK4,4X20X200 GM,20734346292124,G.G. SNACKS
GARVI GUJARAT,JEERA KHAKRA,GGK5,4X20X200 GM,20734346292100,G.G. SNACKS
GARVI GUJARAT,METHI KHAKRA,GGK3,4X20X200 GM,20734346292131,G.G. SNACKS
GARVI GUJARAT,MULTIGRAIN METHI KHAKRA,GGK85,20X200 GM,10723246290369,G.G. SNACKS
GARVI GUJARAT,DOUBLE METHI MASALA KHAKRA,GGK95,20X200 GM,10723246290375,G.G. SNACKS
GARVI GUJARAT,LILVA KACHORI,GGFL2,12X16X25 GM,20723246289599,G.G. FROZEN RANGE
GARVI GUJARAT,SANDWICH DHOKLA,GGFS2,12X6X42.5 GM,20723246289605,G.G. FROZEN RANGE
GARVI GUJARAT,UNDHIYU,GGFU0,12X285 GM,20723246289476,G.G. FROZEN RANGE
GARVI GUJARAT,PATRA SLICED,GGFP10,24X350 GM,30723246289435,G.G. FROZEN RANGE
GARVI GUJARAT,PATRA SLICED BLK,GGFP22,6X908 GM,10723246289462,G.G. FROZEN RANGE
GARVI GUJARAT,PATRA VATA,GGFPV21,12X454 GM,20723246289445,G.G. FROZEN RANGE
GARVI GUJARAT,PATRA VATA BLK,GGFPV1,6X908 GM,10723246289455,G.G. FROZEN RANGE
GARVI GUJARAT,COCONUT KACHORI,GGFCK2,12X9X50 GM,20723246289568,G.G. FROZEN RANGE
GARVI GUJARAT,PURAN POLI,GGFPP1,24X4X95 GM,30723246289428,G.G. FROZEN RANGE
MAAZA,MANGO (GLASS BOTTLE),MZG5,12 X 300 ML,718226329820,MAAZA DRINKS
MAAZA,LYCHEE (GLASS BOTTLE),MZLY5,12 X 300 ML,8718226329790,MAAZA DRINKS
MAAZA,GUAVA (GLASS BOTTLE),MZGA5,12 X 300 ML,8718226328526,MAAZA DRINKS
MAAZA,MANGO (GLASS BOTTLE),MZMG2,6X1 LTR,8718226328533,MAAZA DRINKS
MAAZA,LYCHEE (GLASS BOTTLE),MZLY2,6X1 LTR,8718226328519,MAAZA DRINKS
MAAZA,GUAVA (GLASS BOTTLE),MZGA2,6X1 LTR,8718226328526,MAAZA DRINKS
MEHERABAN,SUPER PERFECTLY AGED BASMATI RICE,MHRL4,4X10 LB,20723246291554,MEHERABAN BASMATI RICE
MEHERABAN,XL EXTRA LONG BASMATI RICE,MHRA4,4X10 LB,20723246291493,MEHERABAN BASMATI RICE
MEHERABAN,GINGER GARLIC PASTE,MHPG5,12X708 GM,20723246288134,MEHERABAN COOKING PASTES
MEHERABAN,GARLIC PASTE,MHPGA5,12X708 GM,20723246288158,MEHERABAN COOKING PASTES
MEHERABAN,GINGER PASTE,MHPG15,12X708 GM,20723246288141,MEHERABAN COOKING PASTES
MEHERABAN,KHURDI DATES,9DMRK,16X400 GM,20723246291387,MEHERABAN DATES
MEHERABAN,SAFWAI DATES,9DMRS,16X400 GM,20723246291394,MEHERABAN DATES
MEHERABAN,AJWA DATES,9DMRA,16X400 GM,30723246287264,MEHERABAN DATES
MEHERABAN,PITTED DATES,9DMR6,12X24 OZ,10723246283491,MEHERABAN DATES
MEHERABAN,MEDJOOL DATES,9DMRM1,12X2 LB,20723246288431,MEHERABAN DATES
MEHERABAN,MEDJOOL DATES,9DMRM01,6X4.4 LB,10723246289486,MEHERABAN DATES
MEHERABAN,MEDJOOL DATES,9DMRMO,11 LB,N/A,MEHERABAN DATES
MEHERABAN,DRIED DATES,MHNDD,20X200 GM,20723246292612,MEHERABAN DATES
MEHERABAN,GRASS FED GHEE,MHOGF,12X28 OZ,20723246291417,MEHERABAN GHEE
MEHRABAN,MANGO (TETRA PACK),MHMG4,6X6X200 ML,30723246287479,MEHERABAN JUICE RANGE
MEHRABAN,MANGO (PET),MHMG3,4X6X250 ML,30723246287479,MEHERABAN JUICE RANGE
MEHRABAN,MANGO (PET),MHMG1,12X1 LT,20723246286468,MEHERABAN JUICE RANGE
MEHRABAN,MANGO (PET),MHMG01,4X3 LT,10723246287482,MEHERABAN JUICE RANGE
MEHRABAN,GUAVA (PET),MHGA1,4X3 LT,10723246290000,MEHERABAN JUICE RANGE
MEHRABAN,LYCHEE (PET),MHLY1,4X3 LT,10723246290017,MEHERABAN JUICE RANGE
MEHERABAN,FRIED ONIONS,MHSE01,15X400 GM,10723246291069,MEHERABAN ONIONS
MEHERABAN,MANGO PULP,MHPMK,6X850 GM,1072324693773,MEHERABAN MANGO PULP
SHER-E-PUNJAB,MISSI/BESAN ROTI,SEBR1,10X15X50 GM,1072346289523,SHER-E-PUNJAB
SHER-E-PUNJAB,GUJRATI ROTI,SEGR1,10X15X50 GM,1072346289509,SHER-E-PUNJAB
SHER-E-PUNJAB,METHI ROTI,SEMR1,10X15X50 GM,1072346289516,SHER-E-PUNJAB
SHER-E-PUNJAB,TANDOORI NAAN,SENG21,18X5X100 GM,20723246289537,SHER-E-PUNJAB
SHER-E-PUNJAB,TANDOORI NAAN,SENT21,18X5X100 GM,20723246289544,SHER-E-PUNJAB
SHER-E-PUNJAB,TANDOORI NAAN,SENTW21,18X5X100 GM,20723246289551,SHER-E-PUNJAB
SHER-E-PUNJAB,CLASSIC ROTI,SERP2,10X15X50 GM,1072346285945,SHER-E-PUNJAB
SHER-E-PUNJAB,CLASSIC ROTI,SERW2,10X15X50 GM,1072346285952,SHER-E-PUNJAB